source,name,partner_name,region,address,phone,email,website,facebook,instagram,logo_url,down_payment,annual_rate,term,min_loan_amount,max_loan_amount,latitude,longitude
PASHA Bank,Royal İnşaat,,,"Mərdəkan qəsəbəsi, Yesenin küçəsi, ev 87b",+994 50 233 06 06,,,,,https://ipoteka.pashabank.az/assets/images/banner/324royal.png,30%,min. 8%,20 ilədək,,,,
PASHA Bank,Ancora Residence,,,"Ağ Şəhər, Qarabağ atları meydanı",+994 50 277 27 30,,www.ancoraresidence.az,,,https://ipoteka.pashabank.az/assets/images/banner/ancora-residence-min.png,min. 30%,min. 8%,20 ilədək,,,,
PASHA Bank,Park Bayıl Residence,,,Qurban Abbasov küçəsi 29,+994 50 491 22 26,,www.parkbayil.az,,,https://ipoteka.pashabank.az/assets/images/banner/park-bayil11.png,min. 30%,min. 8%,20 ilədək,,,,
PASHA Bank,Teras Park,,,Sakit Qocayev küç. 35,*1144,,www.srconstruction.az,,,https://ipoteka.pashabank.az/assets/images/banner/teras-park11.png,min. 30%,min. 10%,20 ilədək,,,,
PASHA Bank,Ahmadli Park,,,"M.Hadi küç., 2337-ci məh.",*1144,,www.srconstruction.az,,,https://ipoteka.pashabank.az/assets/images/banner/ahmadli-park11.png,min. 30%,min. 10%,20 ilədək,,,,
PASHA Bank,Eko Park,,,Əvəz Paşayev küçəsi 2,,,,,,https://ipoteka.pashabank.az/assets/images/banner/ekopark 1.png,min. 30%,min. 8%,20 ilədək,,,,
PASHA Bank,Sabah Residence,,,"Ziya Yusifzadə küç.,12",+994 50 295 81 81,,www.sabahresidence.az,,,https://ipoteka.pashabank.az/assets/images/banner/sabah-min.png,min. 34%,min. 8%,20 ilədək,,,,
PASHA Bank,Kristal AA MTK,,,Rəşid İsmayılov 11D,+994 50 580 44 88,,,,,https://ipoteka.pashabank.az/assets/logos/building.png,min. 30%,min. 8%,20 ilədək,,,,
PASHA Bank,Elips-R MTK,,,Feyzulla Qasımzadə küç. 8,+994 50 580 44 88,,,,,https://ipoteka.pashabank.az/assets/logos/building.png,min. 30%,min. 8%,20 ilədək,,,,
PASHA Bank,Turkuaz Yaşayış Kompleksi,,,Xətai rayonu Nəsrəddin Tusi küç 293,+994 50 242 11 22,,,,,https://ipoteka.pashabank.az/assets/images/banner/turkuaz11.png,min. 30%,min. 8%,20 ilədək,,,,
PASHA Bank,Malibo Residence,,,Salatın Əsgərova küçəsi 98,+994 50 202 22 11,,,,,https://ipoteka.pashabank.az/assets/images/banner/malibo.png,min. 30%,min. 8%,20 ilədək,,,,
PASHA Bank,Grand Plaza Residence,,,Süleyman Rüstəm küçəsi 59,+994 50 505 55 22,,,,,https://ipoteka.pashabank.az/assets/images/banner/grandplaza2 1.png,min. 30%,min. 8%,20 ilədək,,,,
PASHA Bank,28 Residence,,,"Nəsimi rayonu, Azadlıq prospekti 40",+994 50 271 11 55,,,,,https://ipoteka.pashabank.az/assets/images/banner/28-park-residence 1.png,min. 30%,min. 8%,20 ilədək,,,,
PASHA Bank,Vurğun Residence,,,Səməd Vurğun küçəsi 110,+994 50 707 57 75,,,,,https://ipoteka.pashabank.az/assets/images/banner/vurgun.png,min. 10%,min. 10%,20 ilədək,,,,
ABB Home,Kristal,,,,*1544,,,,,https://cdn.abbhome.az/c9a25d791c0b3ebd948cf114ce3638acdb261741_bf0bcb1346.jpg,10%-dən,11%-dən,20 ilədək,,"300,000 AZN",,
ABB Home,Ganja Park City,,,,*2027,,,,,https://cdn.abbhome.az/thumbnail_New_Project_d1f96d7780_f408bb75ce.webp,10%-dən,11%-dən,20 ilədək,,"300,000 AZN",,
ABB Home,MAYAK RESIDENCE,,,,*4554,,,,,https://cdn.abbhome.az/thumbnail_Mayak_logo_original_525fc83cbf_a714a20b4f.webp,10%-dən,11%-dən,20 ilədək,,"300,000 AZN",,
ABB Home,SEA BREEZE Resort,,,,840,,,,,https://cdn.abbhome.az/Sea_Breeze_logo_a052c57192.webp,10%-dən,11%-dən,20 ilədək,,"300,000 AZN",,
ABB Home,Melissa Group,,,,*3939,,,,,https://cdn.abbhome.az/melisa_logo_3ca1835227.webp,10%-dən,11%-dən,20 ilədək,,"300,000 AZN",,
ABB Home,Avant Group,,,,*0241,,,,,https://cdn.abbhome.az/Avant_Group_Logo_1_0f56f0c66f.svg,10%-dən,11%-dən,20 ilədək,,"300,000 AZN",,
ABB Home,ALIANS,,,,*2727,,,,,https://cdn.abbhome.az/alians_logo_9209519934.webp,10%-dən,11%-dən,20 ilədək,,"300,000 AZN",,
ABB Home,BLUE CITY,,,,*6444,,,,,https://cdn.abbhome.az/blue_city_25fc0082de_7ffd8fa7a8.webp,10%-dən,11%-dən,20 ilədək,,"300,000 AZN",,
Xalq Bank,Greenville Residence,,Bakı,"Bakı şəh., Binəqədi ray., Həmdəm Ağayev küç.",+994502351047 *4242,,https://aralgroupbaku.com/az/projects/greenville-residence/,,,https://api.xalqbank.az/resized/resize0x120/center/temp/processing/greenville-logo-04-3.jpg,,,,,,,
Xalq Bank,Star Life Residence,,Bakı,"Bakı şəh., Nəsimi ray., Salamzadə küç.,31",+994502351042 *4442,,https://aralgroupbaku.com/az/projects/star-life-residence,,,https://api.xalqbank.az/resized/resize0x120/center/temp/processing/logo-star-life-01.jpg,,,,,,,
Xalq Bank,Mirvari City,,Sumqayıt,"Sumqayıt şəh., Bulvar küç., 27",+994502351013,,https://aralgroupbaku.com/az/projects/mirvari-city,,,https://api.xalqbank.az/resized/resize0x120/center/temp/processing/mirvari-logo.jpg,,,,,,,
Xalq Bank,Şəhər İncisi,,Bakı,"Bakı şəh., Nərimanov ray., Möhsün Sənani küç.,95,97,99",+994502351047 (*4242),,https://www.instagram.com/sheherincisi/,,,https://api.xalqbank.az/resized/resize0x120/center/temp/processing/seher-incisi-logo.jpg,,,,,,,
Xalq Bank,Çinarlı Park,,Bakı,"Bakı şəh., Binəqədi ray., Abay Kunanbayev küç., 78, 31/21-ci məhəllə",+994505005335,,https://www.chinarlipark.az/,,,https://api.xalqbank.az/resized/resize0x120/center/temp/processing/cinarlipark-logo.jpg,,,,,,,
Xalq Bank,Eleven Park,,Bakı,"Bakı şəh., Cəlil Məmmədquluzadə küç., 154",+994502711133,,https://www.instagram.com/eleven.park/,,,https://api.xalqbank.az/resized/resize0x120/center/temp/processing/eleven-park-logo-0.jpg,,,,,,,
Xalq Bank,BCR Xətai,,Bakı,"Bakı şəh., Ağ Şəhər, Nəcəfqulu Rəfiyev küç., 25",121,,https://khatai.bcr.az/,,,https://api.xalqbank.az/resized/resize0x120/center/temp/processing/bcr-khatai-logotype.jpg,,,,,,,
Xalq Bank,Central Towers,,Bakı,"Bakı şəh., Yasamal ray., Balababa Məcidov küç.",*1144; +994509881144,,https://srconstruction.az/,,,https://api.xalqbank.az/resized/resize0x120/center/temp/processing/central-towers-logo.jpg,,,,,,,
Xalq Bank,BCR Olimpik,,Bakı,"Bakı şəh., Heydər Əliyev pr., 189",121,,https://olimpik.az/,,,https://api.xalqbank.az/resized/resize0x120/center/temp/processing/bcr-olimpik.jpg,,,,,,,
Xalq Bank,Lake City by Minera,,Bakı,Ziya Bünyadov pr 2036,*1505 - +994555060505,,https://lakecity.az,,,https://api.xalqbank.az/resized/resize0x120/center/temp/processing/logo-lake-city-ag-ve-goy-variant-3.png,,,,,,,
Xalq Bank,Bağça Şəhər,,Sumqayıt,"Sumqayıt şəhəri, Sülh küçəsi, 1-ci döngə","*4224, +994502351007",,https://aralgroupbaku.com/az/projects/bagca-seher,,,https://api.xalqbank.az/resized/resize0x120/center/temp/processing/bagca.png,,,,,,,
Xalq Bank,"City Garden,  Highland Residence",,Bakı,"Nəsimi rayonu, Hüseynbala Əliyev küç, 3224-cü məhəllə, Baku, Azerbaijan",*1544,,https://www.instagram.com/kristalazerbaijan/,,,https://api.xalqbank.az/resized/resize0x120/center/temp/processing/01-0.jpg,,,,,,,
Xalq Bank,Park Xırdalan,,Sumqayıt,Sumqayıt 10-cu mikrorayon,*1544,,https://www.instagram.com/kristalazerbaijan/,,,https://api.xalqbank.az/resized/resize0x120/center/temp/processing/01-1.jpg,,,,,,,
Xalq Bank,Boulevard Palace,,Bakı,"Gülbala Əliyev küçəsi, 9, Bakı, Azərbaycan",+994 50 299 61 60,,https://www.instagram.com/boulevard.palace/,,,https://api.xalqbank.az/resized/resize0x120/center/temp/processing/02-0.jpg,,,,,,,
BirBank,Xəzri Residence,PMD GROUP MMC,,"Bakı şəh, Port Baku, Neftçilər prospekti 153",0507075775,,www.pmdgroup.az,www.facebook.com/Pmdaz-105706621969998,www.instagram.com/pmd.az/,https://ipoteka.birbank.az/api/files/6540624f-2b9f-44be-96a8-6c372455f1db.jpeg,20.0,16.5,20,20000.0,500000.0,40.5797,49.69217
BirBank,Təbriz Evləri,PMD GROUP MMC,,"Bakı şəh, Port Baku, Neftçilər prospekti 153",0507075775,,www.pmdgroup.az,www.facebook.com/Pmdaz-105706621969998,www.instagram.com/pmd.az/,https://ipoteka.birbank.az/api/files/1af0d887-c3cb-4e3f-a6ed-8fd977bd40a7.jpeg,20.0,16.5,20,20000.0,500000.0,40.392715,49.854637
BirBank,Zərifə Əliyeva 53,PMD GROUP MMC,,"Bakı şəh, Port Baku, Neftçilər prospekti 153",0507075775,,www.pmdgroup.az,www.facebook.com/Pmdaz-105706621969998,www.instagram.com/pmd.az/,https://ipoteka.birbank.az/api/files/0d10ea3f-dea0-4395-b262-1934b9906319.jpeg,20.0,16.5,20,20000.0,500000.0,40.374992,49.855225
BirBank,Üzeyir Hacıbəyli 57,PMD GROUP MMC,,"Bakı şəh, Port Baku, Neftçilər prospekti 153",0507075775,,www.pmdgroup.az,www.facebook.com/Pmdaz-105706621969998,www.instagram.com/pmd.az/,https://ipoteka.birbank.az/api/files/aba5e2bf-85ad-414c-9efc-393e8ec4c720.jpeg,20.0,16.5,20,20000.0,500000.0,40.376976,49.85769
BirBank,Gümüş Residence,PMD GROUP MMC,,"Bakı şəh, Port Baku, Neftçilər prospekti 153",0507075775,,www.pmdgroup.az,www.facebook.com/Pmdaz-105706621969998,www.instagram.com/pmd.az/,https://ipoteka.birbank.az/api/files/13a7e7c7-b575-44e2-bc94-e207dd0d297e.jpeg,20.0,16.5,20,20000.0,500000.0,40.36688,49.823574
BirBank,Hillside Residence,PMD GROUP MMC,,"Bakı şəh, Port Baku, Neftçilər prospekti 153",0507075775,,www.pmdgroup.az,www.facebook.com/Pmdaz-105706621969998,www.instagram.com/pmd.az/,https://ipoteka.birbank.az/api/files/c708b58a-b40f-408a-8ec6-cc92fecdc588.jpeg,20.0,16.5,20,20000.0,500000.0,40.361034,49.82521
BirBank,Vurğun Residence,PMD GROUP MMC,,"Bakı şəh, Port Baku, Neftçilər prospekti 153",0507075775,,www.pmdgroup.az,www.facebook.com/Pmdaz-105706621969998,www.instagram.com/pmd.az/,https://ipoteka.birbank.az/api/files/d6b3ca63-d8a0-4533-9893-8d4fe522e632.jpeg,20.0,16.5,20,20000.0,500000.0,40.38428,49.836315
BirBank,Grand Park Plaza,PMD GROUP MMC,,"Bakı şəh, Port Baku, Neftçilər prospekti 153",0507075775,,www.pmdgroup.az,www.facebook.com/Pmdaz-105706621969998,www.instagram.com/pmd.az/,https://ipoteka.birbank.az/api/files/31585d38-5051-4a8c-adac-3e56008082db.jpeg,20.0,16.5,20,20000.0,500000.0,40.38653,49.834564
BirBank,Nizami Boutique,PMD GROUP MMC,,"Bakı şəh, Port Baku, Neftçilər prospekti 153",0507075775,,www.pmdgroup.az,www.facebook.com/Pmdaz-105706621969998,www.instagram.com/pmd.az/,https://ipoteka.birbank.az/api/files/2a5e499b-3a90-4c8a-8dba-587f0b9e1fc3.jpeg,20.0,16.5,20,20000.0,500000.0,40.369118,49.82423
BirBank,Oscar,SR Construction CO MMC,,"Yasamal rayonu, Balababa Məcidov küçəsi",0505551144,,www.srconstruction.az,www.facebook.com/SRinshaat/,www.instagram.com/srconstructionco/,https://ipoteka.birbank.az/api/files/aa8381ce-40e8-4e81-aba6-a7a95f968279.jpeg,20.0,16.5,20,20000.0,500000.0,40.42708,49.953163
BirBank,Ahmadli Park,SR Construction CO MMC,,"Yasamal rayonu, Balababa Məcidov küçəsi",0505551144,,www.srconstruction.az,www.facebook.com/SRinshaat/,www.instagram.com/srconstructionco/,https://ipoteka.birbank.az/api/files/a56c07ec-be07-4530-b0b5-6adfbda0f32b.jpg,20.0,16.5,20,20000.0,500000.0,40.38171,49.95118
BirBank,Terras Park,SR Construction CO MMC,,"Yasamal rayonu, Balababa Məcidov küçəsi",0505551144,,www.srconstruction.az,www.facebook.com/SRinshaat/,www.instagram.com/srconstructionco/,https://ipoteka.birbank.az/api/files/7aebd778-a9a3-4e98-8aae-4d055c41e7e5.jpg,20.0,16.5,20,20000.0,500000.0,40.41535,49.962944
BirBank,Central Towers,SR Construction CO MMC,,"Yasamal rayonu, Balababa Məcidov küçəsi",0505551144,,www.srconstruction.az,www.facebook.com/SRinshaat/,www.instagram.com/srconstructionco/,https://ipoteka.birbank.az/api/files/debffa5f-cdb5-47f6-80b2-53d150de0704.jpg,20.0,16.5,20,20000.0,500000.0,40.381187,49.822845
BirBank,Dreamland,Dreamland,,Heydər Əliyev Adına Hava Limanı Avtomobil Yolunun 22-Ci Kilometri,0994047474,,www.dreamland.az/,,,https://ipoteka.birbank.az/api/files/b37e928a-ceea-43e5-a2ba-4c7b17e0e60d.png,30.0,16.5,20,20000.0,500000.0,,
BirBank,Cıdır Residence,Resant Real Estate MMC,,"Bakı ş, Nərimanov r-nu, Ak. Həsən Əliyev 135A",0505051333,,www.resant.az,www.facebook.com/RESANTRealEstate/,www.instagram.com/resant.realestate/,https://ipoteka.birbank.az/api/files/4c0aa957-532f-41a3-b90a-6a34f6672c1a.jpeg,30.0,16.5,20,30000.0,500000.0,40.41288,49.837605
BirBank,Əhmədli Residence,Resant Real Estate MMC,,"Bakı ş, Nərimanov r-nu, Ak. Həsən Əliyev 135A",0505051333,,www.resant.az,www.facebook.com/RESANTRealEstate/,www.instagram.com/resant.realestate/,https://ipoteka.birbank.az/api/files/85d4ff22-7367-4347-abc8-88fda6935b3a.jpeg,30.0,16.5,20,30000.0,500000.0,40.372337,49.864635
BirBank,Qış Parkı Residence,Resant Real Estate MMC,,"Bakı ş, Nərimanov r-nu, Ak. Həsən Əliyev 135A",0505051333,,www.resant.az,www.facebook.com/RESANTRealEstate/,www.instagram.com/resant.realestate/,https://ipoteka.birbank.az/api/files/317b914c-263c-4b5a-a5b9-e68045e91642.jpeg,30.0,16.5,20,30000.0,500000.0,40.37695,49.0
BirBank,28 Park Residence,Resant Real Estate MMC,,"Bakı ş, Nərimanov r-nu, Ak. Həsən Əliyev 135A",0505051333,,www.resant.az,www.facebook.com/RESANTRealEstate/,www.instagram.com/resant.realestate/,https://ipoteka.birbank.az/api/files/0349bc8d-4a19-4be6-a098-66e51dab8e74.png,30.0,16.5,20,30000.0,500000.0,40.383793,49.84666
BirBank,Nargilə Residence,Resant Real Estate MMC,,"Bakı ş, Nərimanov r-nu, Ak. Həsən Əliyev 135A",0505051333,,www.resant.az,www.facebook.com/RESANTRealEstate/,www.instagram.com/resant.realestate/,https://ipoteka.birbank.az/api/files/ff71b6fa-3009-4b94-8632-161cad1a3b13.jpeg,30.0,16.5,20,30000.0,500000.0,40.36904,49.943806
BirBank,Park Nərimanov Residence,Resant Real Estate MMC,,"Bakı ş, Nərimanov r-nu, Ak. Həsən Əliyev 135A",0505051333,,www.resant.az,www.facebook.com/RESANTRealEstate/,www.instagram.com/resant.realestate/,https://ipoteka.birbank.az/api/files/6e6d4535-cd31-4e0e-9bc8-b634f221ab81.jpeg,30.0,16.5,20,30000.0,500000.0,40.402596,49.875435
BirBank,Baku Galaxy Park Residence,Resant Real Estate MMC,,"Bakı ş, Nərimanov r-nu, Ak. Həsən Əliyev 135A",0505051333,,www.resant.az,www.facebook.com/RESANTRealEstate/,www.instagram.com/resant.realestate/,https://ipoteka.birbank.az/api/files/6fac43d8-28c0-408f-a51b-57c74868b3e7.jpeg,30.0,16.5,20,30000.0,500000.0,40.38411,49.855114
BirBank,Crown City Residence,Resant Real Estate MMC,,"Bakı ş, Nərimanov r-nu, Ak. Həsən Əliyev 135A",0505051333,,www.resant.az,www.facebook.com/RESANTRealEstate/,www.instagram.com/resant.realestate/,https://ipoteka.birbank.az/api/files/9bc7b59d-0bae-4aa3-adf1-845cbf74d6e5.jpeg,30.0,16.5,20,30000.0,500000.0,40.41836,49.908813
BirBank,Park Residences,Sea Breeze Real Estate,,"Bakı şəh, Nardaran qəsəbəsi",0552251304,,seabreeze.az,www.facebook.com/seabreeze.realestate,www.instagram.com/seabreeze.realestate/,https://ipoteka.birbank.az/api/files/09d70498-1dd5-4908-b8f1-b028d07c3ad2.png,20.0,16.5,20,20000.0,500000.0,40.59422,49.98991
BirBank,Polo Residence,Sea Breeze Real Estate,,"Bakı şəh, Nardaran qəsəbəsi",0552251304,,seabreeze.az,www.facebook.com/seabreeze.realestate,www.instagram.com/seabreeze.realestate/,https://ipoteka.birbank.az/api/files/15284f28-abc8-42fe-acab-8cf726eda028.png,20.0,16.5,20,20000.0,500000.0,40.59422,49.98991
BirBank,Sabah Residence,Sabah Residence MTK,,"Bakı şəhəri., Ziya Yusifzadə küçəsi 12 (Xanlar 10)",0502958181,,www.sabahresidence.az,www.facebook.com/sabahresidence/,www.instagram.com/sabahresidence/,https://ipoteka.birbank.az/api/files/d479664c-4d41-455e-9932-11b9750ca01e.jpg,30.0,16.5,20,30000.0,500000.0,40.351685,49.832085
BirBank,Ağ Saray Residence,Ağ Saray Residence MTK,,"Bakı Ağ Şəhər, Mərkəzi Bulvar küçəsi 6",0507370001,,www.agsaray.com,www.facebook.com/agsarayresidencebwc,,https://ipoteka.birbank.az/api/files/2a9c7935-a8ef-4565-b7d1-d01d6cf1a393.jpg,20.0,16.5,20,30000.0,500000.0,40.38456,49.882214
BirBank,Baku City residence Khatai,FDI International,,"Bakı şəhəri.,  Ağ Şəhər - Nəcəfqulu Rəfiyev küçəsi 25",121,,www.khatai.bcr.az,www.facebook.com/bcrkhatai,www.instagram.com/bcr.khatai/,https://ipoteka.birbank.az/api/files/be990320-143d-4f2c-b539-9a57ae4d272c.jpg,20.0,16.5,20,30000.0,500000.0,40.38677,49.875042
BirBank,K-Residence,Knightsbridge MTK,,"Bakı şəhəri., Xətai rayonu., 8 Noyabr prospekti 151",0515771234,,www.kresidence.az,,www.instagram.com/k.residencebaku/,https://ipoteka.birbank.az/api/files/3ad659b2-cc43-454c-848b-fe8e30481f0b.jpeg,20.0,16.5,20,30000.0,500000.0,40.380936,49.848656
BirBank,Rahatlığın Məkanı,Rahatlığın Məkanı MMC,,"Bakı şəh., Yasamal ray., Müzəffər Həsənov küç.,2",0503450999,,,,www.instagram.com/rahatligin_mekani_mmc/,https://ipoteka.birbank.az/api/files/474ce7b2-61a1-4e19-9756-b8f91461500f.jpg,20.0,16.5,20,20000.0,500000.0,40.40555,49.80156
BirBank,Royal Park,Realest MMC,,"Bakı şəhəri., Yeni Yasamal., Kənar Dairəvi Yol 10",0512072115,,www.realest.az,www.facebook.com/realest.az/,www.instagram.com/royalpark_az/,https://ipoteka.birbank.az/api/files/020d3892-99eb-4b81-9d41-afe0e91b55b7.jpg,20.0,16.5,20,30000.0,500000.0,40.379486,49.79022
BirBank,Anima MTK,Capital Park,,"Bakı şəhəri., N.Yusifbəyli və A.Səhhət küçələrinin kəsişməsi",0704905533,,www.capitalcity.az,,www.instagram.com/capital_plaza/,https://ipoteka.birbank.az/api/files/ebca2e78-76a9-4897-8535-95fe727461fe.png,20.0,16.5,20,30000.0,500000.0,40.39676,49.829357
BirBank,Kronşnep MMC,Capital Park,,"Bakı şəhəri., N.Yusifbəyli və A.Səhhət küçələrinin kəsişməsi",0704905533,,www.capitalcity.az,,www.instagram.com/capital_plaza/,https://ipoteka.birbank.az/api/files/0f366b6b-3897-4e2b-abd6-0927df04f185.png,20.0,16.5,20,30000.0,500000.0,40.381805,49.875004
BirBank,Zumrud Residence,Cavid-2016 MMC,,"Bakı şəhəri, B.Dadaşov küçəsi ilə Y.Bakuvi küçəsinin kəsişməsi",0502718414,,www.zumrudresidence.com,www.facebook.com/zumrudresidence/,www.instagram.com/zumrudresidence/,https://ipoteka.birbank.az/api/files/f0bd63f6-77a4-41ea-ae1a-de1e8aa4cca9.jpg,20.0,16.5,20,30000.0,500000.0,40.39876,49.860783
BirBank,Bayıl Residence,Fortis Bayıl MTK,,"Bakı şəhəri., Qurban Abbasov küç. 29   SAPPHIRE PLAZA, 5- ci mərtəbə",0502772716,,www.fortis.az/projects/-park-bayil,,www.instagram.com/bayilresidence/,https://ipoteka.birbank.az/api/files/temp,20.0,16.5,20,30000.0,500000.0,40.349407,49.83258
BirBank,Ancora Residence,Fortis MTK,,"Bakı Ağ Şəhər, 1-ci Fəvvarələr küçəsi, Fortis Residence binasi",0502772716,,www.ancoraresidence.az,www.facebook.com/ancora.residence.whitecity/,www.instagram.com/ancora_residence_whitecity/,https://ipoteka.birbank.az/api/files/bf34ee90-550b-47a5-add1-84c4f980eed3.jpg,20.0,16.5,20,30000.0,500000.0,40.387417,49.88796
BirBank,Alfa Zaqatala,ASK Əmlak,,"Zaqatala şəh., Azərbaycan PR 108",0552229962,,https://ask.gov.az/,,,https://ipoteka.birbank.az/api/files/01c73f82-128e-4418-9957-69452552847c.jpg,30.0,5.0,20,30000.0,500000.0,41.63359,46.633774
BirBank,Aydınlı Yaşayış Kompleksi,ASK Əmlak,,"Zaqatala şəh., Azərbaycan PR 108",0552229962,,https://ask.gov.az/,,,https://ipoteka.birbank.az/api/files/aa544643-2b92-4478-a77f-189f7f871516.png,30.0,5.0,20,30000.0,500000.0,40.371452,49.831524
BirBank,Daşınmaz əmlak agentliyi,AVALON MMC,,"Bakı şəh., Yasamal ray., Şəfaət Mehdiyev küç / Bakı şəh., Xətai ray., Xocalı pr / Bakı şəh., Nəsimi ray., Hənifə Ələsgərova küç",0503310300,,www.avalon.az,,,https://ipoteka.birbank.az/api/files/b12f4a30-c191-488f-96e1-f90cb4d3ad9e.png,15.0,5.0,20,20000.0,500000.0,40.388874,49.81549
BirBank,AY Company,AY Company MTK,,"Abşeron rayon, Xırdalan şəhəri, Bakı Sumqayıt yolu",0558555954,,,,ay_company_,https://ipoteka.birbank.az/api/files/b54e32d5-7eb7-4d51-824c-eb3f1f6e4d0f.jpg,30.0,5.0,20,20000.0,500000.0,40.4602,49.75137
BirBank,Abşeron M MMC,Abşeron M MMC,,"Bakı şəh., Yeni Günəşli, AB Yaşayış massivi",0502073632,,,,,https://ipoteka.birbank.az/api/files/temp,30.0,5.0,20,30000.0,500000.0,,
BirBank,Whitestone Residence,Ailə Park MTK (Whitestone Towers),,"Bakı şəhəri, Nərimanov r., Təbriz və İ.Həsənoğlu küç. Kəsişməsi",0507003999,,whitestone.az/,,www.instagram.com/whitestonetowers/,https://ipoteka.birbank.az/api/files/temp,30.0,5.0,20,20000.0,500000.0,40.401424,49.864418
BirBank,Architectural Construction Group,Architectural Construction Group MMC,,"Bakı şəh., Nərimanov ray. Əliyar Əliyev küç. 39",0505519521,,,,,https://ipoteka.birbank.az/api/files/59250b45-f1da-4092-b9aa-34e943123938.jpg,30.0,5.0,20,20000.0,500000.0,40.406143,49.875423
BirBank,Daşınmaz əmlak agentliyi,Arya Group MMC,,"Bakı şəh., Mərdəkan qəs., Sergey Yesenin küç 78",0703001800,,,,,https://ipoteka.birbank.az/api/files/temp,15.0,5.0,20,20000.0,500000.0,40.489613,50.15083
BirBank,Park Academy,Avanqard - MM MMC,,Hüseyn Cavid prospekti 26,0104141010,,,,,https://ipoteka.birbank.az/api/files/6639566e-965f-402e-a558-14758bcdf3ea.jpg,15.0,5.0,20,20000.0,500000.0,40.374657,49.816628
BirBank,BAKI-MEXANİKLƏŞDİRMƏ-1 ASC,BAKI-MEXANİKLƏŞDİRMƏ-1 ASC,,Bakı şəhəri Zabrat – Kürdəxanı şossesı.,0502742278,,,,,https://ipoteka.birbank.az/api/files/temp,30.0,5.0,20,30000.0,500000.0,,
BirBank,Bazis Real Estate,Bazis Real Estate MMC,,"Bakı şəh., Ağ şəhər., Mərkəzi Bulvar küç",0557329992,,www.bazis.az,www.facebook.com/bazis.real.estate,www.instagram.com/bazis.real.estate,https://ipoteka.birbank.az/api/files/dd560bf9-f53e-4f90-8cf8-aa01d95e4fe4.jpg,15.0,16.5,20,20000.0,500000.0,40.382675,49.880703
BirBank,Boulevard Residence,Best Construction MTK,,"Bakı şəhəri, Gülbala Əliyev küçəsi 9",0503154182,,,,,https://ipoteka.birbank.az/api/files/ed3310f8-c183-43fe-bf4a-3f93c3dd1766.png,15.0,16.5,20,20000.0,500000.0,40.33929,49.8325
BirBank,Best Home MMC,Best Home MMC,,"Bakı şəhəri, Nərimanov rayonu, Əliyar Əliyev küçəsi (Nərimanov filialı)",0703152222,,besthome.az,,,https://ipoteka.birbank.az/api/files/8ff166e8-2214-4f19-8592-c579e9818b8d.jpg,15.0,16.5,20,20000.0,500000.0,40.376324,49.977814
BirBank,Best Home MMC,Best Home MMC,,"Bakı şəhəri, Nərimanov rayonu, Əliyar Əliyev küçəsi (Nərimanov filialı)",0703152222,,besthome.az,,,https://ipoteka.birbank.az/api/files/ea368393-b36b-4be4-b3e8-67c27f34d767.jpg,15.0,16.5,20,20000.0,500000.0,40.374283,49.96187
BirBank,Daşınmaz Əmlak Agentliyi,Best Home MMC,,"Bakı şəhəri, Nərimanov rayonu, Əliyar Əliyev küçəsi (Nərimanov filialı)",0703152222,,besthome.az,,,https://ipoteka.birbank.az/api/files/00d27f10-07da-43e8-b23d-1c8e31fa09ec.jpg,15.0,16.5,20,20000.0,500000.0,40.40322,49.878384
BirBank,CASPRO DAŞINMAZ ƏMLAK AGENTLIYI,CASPRO DAŞINMAZ ƏMLAK AGENTLIYI,,"Bakı, Xətai rayonu,1212-ci məhəllə, 8 Noyabr pr. 15. Azure Biznes Mərkəzi 22-ci mərtəbə,ofis 157. AZ1025",0554886600,,www.caspro.az,https://www.facebook.com/caspro.az/,https://www.instagram.com/caspro.az/,https://ipoteka.birbank.az/api/files/ad860cde-a56e-436f-b5c1-1835c30c0f97.jpeg,30.0,16.5,20,30000.0,500000.0,40.37838,49.874447
BirBank,Turkuaz Yaşayış Kompleksi,Cavadxan RB,,"Bakı şəh., Xətai ray. Nəsrəddin Tusi küç.293 (Əhmədli Metrosunun yaxınlığı)",0502421122,,,,https://www.instagram.com/turkuaz.ahmadli/,https://ipoteka.birbank.az/api/files/ff30ca99-972d-4abd-854c-2a7a5a6ce5b3.jpg,30.0,16.5,20,20000.0,500000.0,40.37245,49.96257
BirBank,City Life MMC,City Life MMC,,"Yasamal rayonu, Cəfər Cabbarlı küçəsi",0509700088,,,,,https://ipoteka.birbank.az/api/files/4b41610d-803c-40af-85d2-1469a6526474.png,20.0,16.5,20,20000.0,500000.0,,
BirBank,Cənub MTK Xalqlar,Cənub MTK,,"Bakı şəh., Nizami ray., Bəhruz Nuriyev küç., 32",0506070990,,,,,https://ipoteka.birbank.az/api/files/1eaa7f00-8593-4196-940c-d761534b1a18.jpg,30.0,16.5,20,20000.0,500000.0,40.401962,49.95497
BirBank,Delfin MTK,Delfin MTK,,"Bakı şəh., Suraxanı ray., Yeni Günəşli qəs., AB Y/S 117 E",0505518115,,,,,https://ipoteka.birbank.az/api/files/bd16ddc9-8796-4e39-b7bd-7466f38dc782.jpeg,30.0,16.5,20,20000.0,500000.0,40.386486,49.97525
BirBank,Draft Construction,Draft Construction MMC,,"Bakı ş, Azadlıq prosp. 55",0774112211,,draft.az,,,https://ipoteka.birbank.az/api/files/0dbb7154-9d1a-4552-9f58-7edfe0f1ae0f.png,30.0,16.5,20,20000.0,500000.0,40.3816,49.846245
BirBank,Elit Park,Dərnəgül MTK,,"Bakı şəh., Yasamal ray., Kamal Rəhimov., ev 15., m 76",0514230505,,www.elitpark.az,www.facebook.com/elitpark.az,www.instagram.com/elitpark_/,https://ipoteka.birbank.az/api/files/temp,30.0,5.0,20,20000.0,500000.0,40.424713,49.855457
BirBank,Effektparkcom,Effekt İnşaat MTK,,"Bakı şəh., Nərimanov rayonu",0555501555,,www.effektpark.com,www.facebook.com/effektpark.az,www.instagram.com/effektparkcom,https://ipoteka.birbank.az/api/files/temp,20.0,16.5,20,30000.0,500000.0,40.39405,49.861103
BirBank,Etibarlı Residence,Etibarlı MTK,,"Bakı şəh., Qaraçuxur qəs., Əhməd Mehbalıyev 34/36",0553630000,,,,,https://ipoteka.birbank.az/api/files/2605125a-c078-4524-87cf-d31718d5e89e.PNG,30.0,16.5,20,30000.0,500000.0,40.39782,49.973038
BirBank,Baku City Residence Koroğlu,Factor Group S,,,0507501121,,koroglu.bcr.az,www.facebook.com/bakucityresidence/?modal=admin_todo_tour,www.instagram.com/baku_city_residence/,https://ipoteka.birbank.az/api/files/temp,,,,,,,
BirBank,Fərhad-7,Fərhad-7 MTK,,"Bakı şəh., Binəqədi ray., 9-cu MKR, 3169-cu məhəllə",0502289444,,,,,https://ipoteka.birbank.az/api/files/241f53dd-4561-4aa6-9773-645ef6876c68.jpg,30.0,16.5,20,20000.0,500000.0,40.422535,49.812782
BirBank,Gold Construction Xətai Filialı,Gold Construction MMC-nin Xətai filialı,,"Bakı şəhəri, Xətai rayonu, Ayaz İsmayılov küçəsi 35",0503880012,,goldconstruction.az/,,goldconstruction.az/,https://ipoteka.birbank.az/api/files/d720d966-6fa5-4ebc-a17b-a55c9b8553ba.jpg,30.0,16.5,20,30000.0,500000.0,40.385,49.87255
BirBank,Hüseynoğlu Residence,Hüseynoğlu Residence MTK,,"Bakı şəh., Binəqədi ray., 8 MKR, İbrahimpaşa Dadaşov 70A",0504446010,,www.huseynogluresidence.az,https://www.facebook.com/huseynogluresidence,https://www.instagram.com/huseynoglu_residence/?hl=tr,https://ipoteka.birbank.az/api/files/242f4844-1c9e-40b5-8990-b15bee4a129f.jpg,30.0,16.5,20,20000.0,500000.0,40.41925,49.843052
BirBank,Kristal AA İnşaat MTK,Kristal AA İnşaat MTK,,"Xırdalan şəhəri, Məmməd Əmin Rəsulzadə küçəsi 21",0508542444,,,,,https://ipoteka.birbank.az/api/files/03bd70b4-ba49-4ce0-b8d6-ebc395cd2213.png,30.0,5.0,20,30000.0,500000.0,,
BirBank,LUX  RESİDENCE,LUX RESİDENCE MMC,,"Yasamal ray. Ələsgər Ələkbərov, Mikayıl Müşfiq, Seyfəddin Dağlı, İsmayıl bəy Qutqaşınlı küç. kəsişməsi.",0508090088,,,,,https://ipoteka.birbank.az/api/files/3c8a2be5-8cf8-4122-8f0a-810c26bbb88b.jpg,30.0,16.5,20,20000.0,500000.0,40.367176,49.821007
BirBank,Lake City,Lake City MTK,,"Bakı şəh., Ziya Bünyadov  2036",0555060505,,,,,https://ipoteka.birbank.az/api/files/5e3a12c5-e04d-4ff2-bf38-1dc093b8c8ef.png,20.0,16.5,20,20000.0,500000.0,40.413555,49.85762
BirBank,Lider MTK,Lider MTK,,Sumqayıt şəh. 6 cı mkr.,0553403819,,,,,https://ipoteka.birbank.az/api/files/temp,20.0,5.0,20,20000.0,500000.0,,
BirBank,Grand Narimanoff,Lider-N MTK,,Fəxrəddin Əsədov küçəsi,0997959993,,,,,https://ipoteka.birbank.az/api/files/temp,30.0,16.5,20,30000.0,500000.0,40.39387,49.85807
BirBank,"Bakı şəhəri., Binəqədi ray., 7-ci mkr., A.Kunanbayev küç. 135a",MODERN PARK MTK,,"Bakı şəh., Binəqədi ray., 7-ci mkr., Abay Kunanbayev küç., 135A",0506005533,,modernpark.az,,,https://ipoteka.birbank.az/api/files/d2b3ef0a-fa5d-4c12-9d01-ae8653b44843.jpg,30.0,16.5,20,20000.0,500000.0,40.435013,49.85451
BirBank,Ləhiş Bağları,MP Qrup MMC,,"Bakı dairəvi yol, Nardaran qəs., 36-ci dalan.",0502612121,,,,,https://ipoteka.birbank.az/api/files/90a0773c-153e-455f-bd15-dd8c0263241d.jpg,30.0,16.5,20,30000.0,500000.0,40.566536,49.933384
BirBank,Makro Park,Makro İnşaat MTK,,,0553414488,,www.makroinshaat.az,www.facebook.com/MacroInsaatMTK/,www.instagram.com/makroinshaat/,https://ipoteka.birbank.az/api/files/temp,,,,,,,
BirBank,Yaşam Boulevard Residence,Mənzərə Ş MMC,,Qurban Abbasov küçəsi 42,0997113300,,,,,https://ipoteka.birbank.az/api/files/e25b8856-dd74-4854-9d10-dce5ba3c9c97.jpeg,15.0,16.5,20,20000.0,500000.0,40.34229,49.83968
BirBank,Mərtəbələr,Mərtəbələr MMC,,"Nərimanov ray, Həsənoğlu 4",0123110250,,baku.etagi.com,,,https://ipoteka.birbank.az/api/files/d4cacb6c-9df1-44b8-bbe1-44454f3ad991.jpg,15.0,16.5,20,20000.0,500000.0,40.397667,49.86986
BirBank,ParkTown Residence,PARKTOUN MTK,,"Bakı ş., Yasamal r, T.Şahbazi  küç ev.99",0504250505,,,,,https://ipoteka.birbank.az/api/files/temp,30.0,5.0,20,20000.0,500000.0,40.38323,49.820305
BirBank,Park Avenue Residence,Park Avenue MTK,,"Ağ Şəhər, Qarabağ Atları Meydanı",0555050066,,www.parkavenue.az,www.facebook.com/parkavenue2019/,www.instagram.com/parkavenueresidence/,https://ipoteka.birbank.az/api/files/5adc21dd-1136-47f6-a027-523d2184e101.jpg,30.0,5.0,20,20000.0,500000.0,40.388443,49.892006
BirBank,Pilot Reisdence,Pilot Hayat MTK,,,0508890088,,pilothayat.az,www.facebook.com/pilothayatresidence/,www.instagram.com/pilothayat.residence/,https://ipoteka.birbank.az/api/files/temp,,,,,,,
BirBank,East Park,Poleks MTK,,,0502778833,,eastpark.az,www.facebook.com/eastpark.az/,www.instagram.com/eastpark.az/,https://ipoteka.birbank.az/api/files/temp,,,,,,,
BirBank,Majestic Palace,Prestij-V MTK,,"Bakı şəhəri, Ağ şəhər",0505006003,,,www.facebook.com/majesticgroup.az/,www.instagram.com/majesticgroup.az/,https://ipoteka.birbank.az/api/files/temp,30.0,5.0,20,20000.0,500000.0,40.386215,49.89042
BirBank,Prohome MMC,Prohome MMC,,"Bakı şəh., Səbail ray., Badamdar qəs.",0503447700,,,,,https://ipoteka.birbank.az/api/files/283a479a-3c56-46c7-9812-534ca2687b0d.jpg,15.0,5.0,20,20000.0,500000.0,,
BirBank,Azadlığ Bağçalı Evlər,Qaranti-İnşaat-2012 MMC,,,0502976464,,garantigroup.com.az/project/2,www.facebook.com/GarantiGroup.az/,www.instagram.com/garantigroup.az/,https://ipoteka.birbank.az/api/files/temp,,,,,,,
BirBank,RR Constructions MMC,RR Constructions MMC,,"Bakı şəhəri, Nərimanov r-nu, Mayakovski 8/9-10",0502725500,,rrconstructions.az/,rrconstructions.az/,rrconstructions.az/,https://ipoteka.birbank.az/api/files/a7ec844b-f309-4d29-afcb-02b0eb44dbcb.PNG,30.0,5.0,20,30000.0,500000.0,,
BirBank,Real Əmlak,Real Əmlak Daşınmaz Agentliyi,,"Mikayıl Müşviq küç. bina10, mən.1",0503943323,,,,,https://ipoteka.birbank.az/api/files/9cb6a316-acde-45c8-bfbf-da4d719b8832.jpg,30.0,5.0,20,30000.0,500000.0,40.365234,49.81969
BirBank,Reca MMC,Reca MMC,,Yasamal rayonu Həsən bəy Zərdabi prospekti 55/64 / Əsəd Əhmədov küçəsi 22 / Əhmədli metrosu RSD Plaza,0553469696,,,,,https://ipoteka.birbank.az/api/files/14936ac0-9dc2-4c00-9c19-97f5713158dd.png,30.0,5.0,20,30000.0,500000.0,40.387913,49.807487
BirBank,Red Baku,Red Baku MMC,,"Bakı şəh., Yasamal ray., Cəfər Cabbarlı küç., Caspian Plaza",0102504030,,www.redbaku.az,,,https://ipoteka.birbank.az/api/files/08d1e49d-f3a5-4ffa-8976-139d961042b2.jpg,15.0,5.0,20,20000.0,500000.0,40.385372,49.828682
BirBank,Bağüstü Park Yaşayış Kompleksi,SABAH TİKİNTİ MMC,,"BAKI ŞƏH,SABUNÇU RAYONU,BAKIXANOV QƏS,BAĞÜSTÜ KÜÇ,3 Q SAYLI SAHƏ",0702190111,,,,,https://ipoteka.birbank.az/api/files/a3f897e2-0836-4548-9130-181cda1dcb7f.PNG,30.0,5.0,20,30000.0,500000.0,40.41414,49.950233
BirBank,Şəms Residence,SHAMS RESİDENCE (Ana Kür MTK),,"Bakı ş., Suraxanı r., Yeni Günəşli qəs., D yaşayış massivi",0555254425,,,https://www.facebook.com/Shamsresidence,https://www.instagram.com/shams.residence,https://ipoteka.birbank.az/api/files/5ab36a06-9027-46e9-ab21-bf96fe6b5e07.PNG,30.0,5.0,20,30000.0,500000.0,40.375195,49.97791
BirBank,Servispalace Residence,Servis MTK,,"Bakı şəh., Ceyhun Hacıbəyli 14",0502494808,,,,www.instagram.com/servispalace.az/,https://ipoteka.birbank.az/api/files/947d3f78-50ba-4d48-9e62-08d9cdaff343.PNG,30.0,5.0,20,20000.0,500000.0,40.38838,49.846832
BirBank,Əmlak Agentliyi,TAP Əmlak agentliyi,,"Bakı şəh., Yasamal ray., Ələsgər Ələklbərov küç., 507",0559661282,,,,,https://ipoteka.birbank.az/api/files/39865fb0-d4a2-41f2-ae49-144b6a2d5e43.png,15.0,5.0,20,20000.0,500000.0,40.37036,49.817978
BirBank,Turan+T.T yaşayış binası,TURAN+T.T. MTK,,"Bakı şəhəri, Binəqədi rayonu, Məsud Davudoğlu küçəsi 32",0505009090,,,,,https://ipoteka.birbank.az/api/files/b3059c67-dbe2-46ed-8a31-f20d263b37c9.jpg,30.0,5.0,20,20000.0,500000.0,40.421913,49.836197
BirBank,Rieltor,Vip House,,Bakı ş.Nəsimi r-nu D.Əliyeva küç.243,0555557179,,,,,https://ipoteka.birbank.az/api/files/dee619bc-0645-470e-9b57-42d64a8f6ff0.png,20.0,5.0,20,30000.0,500000.0,40.38003,49.85327
BirBank,Vətən-2022,Vətən 2022 MMC,,"Bakı şəh., Suraxanı ray., Yeni Günəşli qəs., S.Cəfərov küç. ilə Mərkəzi küç.-in kəsişməsi",0554415050,,,,,https://ipoteka.birbank.az/api/files/f799b59c-59cd-4be1-bb32-728ad544c95c.jpg,15.0,5.0,20,20000.0,500000.0,40.380154,49.97821
BirBank,28 Residence,Winter City Group,,"Bakı şəh., Mirəli Qaşqay və Sahib Zeynalov küçələrinin kəsişməsi",0502711155,,,,,https://ipoteka.birbank.az/api/files/0eef0d27-0064-4c1a-ab13-045318984cc9.jpg,30.0,5.0,20,20000.0,500000.0,40.38393,49.846878
BirBank,Malibo,Winter City Group,,"Bakı şəh., Mirəli Qaşqay və Sahib Zeynalov küçələrinin kəsişməsi",0502711155,,,,,https://ipoteka.birbank.az/api/files/6c2a2c0b-8606-423e-acd2-4ee7259e2921.png,30.0,5.0,20,20000.0,500000.0,40.3795,49.836464
BirBank,Grand Plaza,Winter City Group,,"Bakı şəh., Mirəli Qaşqay və Sahib Zeynalov küçələrinin kəsişməsi",0502711155,,,,,https://ipoteka.birbank.az/api/files/ab7a6ab9-2902-4b15-a37d-fb8e8d22a340.png,30.0,5.0,20,20000.0,500000.0,40.392883,49.839233
BirBank,Xəmsə Palace,Xəmsə Palace 2021 MTK,,"Bakı şəhəri, Binəqədi rayonu, Süleyman Sani Axundov küçəsi",0515555065,,,Xemse Palace,xemsepalace,https://ipoteka.birbank.az/api/files/f610ecb9-be84-4d28-81a3-bbe95cae6c12.jpeg,30.0,5.0,20,20000.0,500000.0,40.43067,49.842655
BirBank,Belvedere Residence,Yasamal M MMC,,,0552400073,,,,,https://ipoteka.birbank.az/api/files/temp,,,,,,,
BirBank,İnci Residence,İB.İN.M-İNŞAAT MTK,,"Bakı şəh., Suraxanı ray., Yeni Günəşli qəsəbəsi, “V” yaşayış sahəsi, bina 12E",0507547414,,,,,https://ipoteka.birbank.az/api/files/temp,30.0,5.0,20,30000.0,500000.0,40.37989,49.98243
BirBank,Daşınmaz əmlak agentliyi,İPOTEKA GROUP MMC,,"Bakı şəhəri, Füzuli 49, SKS Plaza",0554444147,,,,,https://ipoteka.birbank.az/api/files/2d666451-a9bc-4db5-bea2-f353760837e9.png,30.0,5.0,20,30000.0,500000.0,40.377735,49.838562
BirBank,Khatai residence,İnter MMC,,"Bakı şəh., Xətai ray., Xocalı pr., 1181-ci məhəllə (Xətai m/s ilə üzbəüz)",0502188288,,,,,https://ipoteka.birbank.az/api/files/1e8fdd67-3c3a-495a-8e47-817d51170760.PNG,30.0,5.0,20,30000.0,500000.0,40.382263,49.873215
BirBank,Şahsaray Yaşayış Kompleksi,Şahsaray Yaşayış Kompleksi,,"Kəpəz rayonu, Ü.Hacıbəyov küçəsi ilə Ş.İ.Xətai prospektinin kəsişməsi",0505179080,,,shahsaray.residence,shahsaray.yk/,https://ipoteka.birbank.az/api/files/temp,30.0,5.0,20,30000.0,500000.0,40.698257,46.373882
